source,group,sampled,richness,gamma,notes
https://onlinelibrary.wiley.com/doi/pdfdirect/10.1111/j.0014-3820.2005.tb01048.x,Pomacanthidae,24,88,-3.6,
https://onlinelibrary.wiley.com/doi/pdfdirect/10.1111/j.0014-3820.2005.tb01048.x,Sparidae,41,110,-6.4,
https://onlinelibrary.wiley.com/doi/pdfdirect/10.1111/j.0014-3820.2005.tb01048.x,Sebastes,77,110,-5.1,
https://onlinelibrary.wiley.com/doi/pdfdirect/10.1111/j.0014-3820.2005.tb01048.x,Sparidae,60,110,-6.4,
https://onlinelibrary.wiley.com/doi/pdfdirect/10.1111/j.0014-3820.2005.tb01048.x,Acanthurini,11,46,-2.82,
https://onlinelibrary.wiley.com/doi/pdfdirect/10.1111/j.0014-3820.2005.tb01048.x,Acanthurini,11,46,-2.91,
https://onlinelibrary.wiley.com/doi/pdfdirect/10.1111/j.0014-3820.2005.tb01048.x,Cheilodactylidae1,25,31,-2.58,
https://onlinelibrary.wiley.com/doi/pdfdirect/10.1111/j.0014-3820.2005.tb01048.x,Gobiosomatini,54,131,-3.39,
https://onlinelibrary.wiley.com/doi/pdfdirect/10.1111/j.0014-3820.2005.tb01048.x,Trematominae,11,14,-3.1,
10.1098/rspb.2005.3326,Plethodon,44,46,-1.3,sampled some within-species diversity
10.1073pnas.0602712103,leaf beetles,83,202,-7.82,
10.1086/593137,Chordata,10,10,-3.12621,"Pinho, C., N. Ferrand, and D. J. Harris. 2006. Reexamination of the Iberian and North African Podarcis (Squamata: Lacertidae) phylogeny based on increased mitochondrial DNA sequencing. Mol. Phylo. Evol. 38:266-273."
10.1086/593137,Chordata,12,17,-0.37467,"Filardi, C. E., and C. E. Smith. 2005. Molecular phylogenetics of monarch flycatchers (genus Monarcha) with emphasis on Solomon Island endemics Mol. Phylo. Evol. 37:776-788."
10.1086/593137,Chordata,5,9,-2.86828,"Poulakakis, N., P. Lymberakis, E. Valakos, E. Zouros, and M. Mylonas. 2005. Phylogenetic relationships and biogeography of Podarcis species from the Balkan Peninsula, by bayesian and maximum likelihood analyses of mitochondrial DNA sequences. Mol. Phylo. Evol. 37:845-857."
10.1086/593137,Chordata,21,21,-3.8637,"Lecompte, E., C. Denys and L. Granjon. 2005. Confrontation of morphological and molecular data: The Praomys group (Rodentia, Murinae) as a case of adaptive convergences and morphological stasis. Mol. Phylo. Evol. 37:899-919."
10.1086/593137,Mollusca,20,28,0.217012,"Donald, K. M., M. Kennedy and H. G. Spencer. 2005. The phylogeny and taxonomy of austral monodontine topshells (Mollusca:Gastropoda: Trochidae), inferred from DNA sequences. Mol. Phylo. Evol. 37:474-483."
10.1086/593137,Chordata,8,8,-1.21412,"Doadrio, I., and A. Perdices. 2005. Phylogenetic relationships among the Ibero-African cobitids (Cobitis, Cobitidae) based on cytochrome b sequence data. Mol. Phylo. Evol. 37:484-493."
10.1086/593137,Chordata,14,14,-1.49192,"Pérez-Emán, J. L. 2005. Molecular phylogenetics and biogeography of the Neotropical redstarts (Myioborus: Aves, Parulidae). Mol Phylo. Evol. 37:511-528."
10.1086/593137,Chordata,9,9,-1.64858,"Skinner, A., S. C. Donnellan, M. N. Hutchinson, and R. G. Hutchinson. 2005. A phylogenetic analysis of Pseudonaja (Hydrophiinae, Elaphidae, Serpentes) based on mitochondrial DNA sequences. Mol. Phylo. Evol. 37:558-571."
10.1086/593137,Arthropoda,11,11,-0.79113,"Arias, M. C., and W. S. Sheppard. 2005. Phylogenetic relationships of honey bees (Hymenoptera:Apinae:Apini) inferred from nuclear and mitochondrial DNA sequence data. Mol. Phylo. Evol. 37:25-35."
10.1086/593137,Chordata,10,10,-3.01842,"Wu, C., J. Wu, T. D. Bunch, Q. Li, Y. Wang, Y. Zhang. 2005. Molecular phylogenetics and biogeography of Lepus in Eastern Asia based on mitochondrial DNA sequences. Mol. Phylo. Evol. 37:45-61."
10.1086/593137,Arthropoda,17,17,-0.81046,"Bonacum, J., P. M. O'Grady, M. Kambysellis, and R. DeSalle. 2005. Phylogeny and age of diversification of the Planitibia species group of the Hawaiian Drosophila. Mol. Phylo. Evol. 37:73-82."
10.1086/593137,Arthropoda,75,75,-3.66676,"McKenna, D. D., and B. D. Farrell. 2005. Molecular phylogenetics and evolution of host plant use in the Neotropical rolled leaf 'hispine' beetle genus Cephaloleia (Chevrolat) (Chrysomelidae: Caddidinae). Mol. Phylo. Evol. 37:117-131."
10.1086/593137,Mollusca,10,10,-0.48209,"Van Riel, P., K. Jordaens, N. Van Houtte, A. M. F. Martins, R. Verhagen, and T. Backeljau. 2005. Molecular systematics of the endemic Leptxini (Gastropoda: Pulmonata) on the Azores islands. Mol. Phylo. Evol. 37:132-143."
10.1086/593137,Arthropoda,11,11,-4.07704,"Allegrucci, G., V. Todisco, and V. Sbordoni. 2005. Moleulcar phylogeography of Dolichopoda cave crickets (Orthoptera, Rhaphidophoridae): A scenario suggested by mitochondrial DNA. Mol. PHylo. Evol. 37:153-164."
10.1086/593137,Arthropoda,44,44,-4.07137,"Shull, H. C., M. Pérez-Losada, D. Blair, K. Sewell, E. A. Sinclair, S. Lawler, M. Ponniah, and K. A. Crandall. 2005. Phylogeny and biogeography of the freshwater crayfishy Euastacus (Decapoda: Parastacidae) based on nuclear and mitochondrial DNA. Mol. Phylo. Evol. 37:249-263."
10.1086/593137,Arthropoda,15,17,0.107533,"Heinze, J., A. Trindl, B. Seifert, and K. Yamauchi. 2005. Evolution of male morphology in the ant genus Cardiocondyla. Mol. Phylo. Evol. 37:278-288."
10.1086/593137,Chordata,7,8,0.761448,"Eberhard, J. R., and E. Bermingham. 2005. Phylogeny and comparative biogeography of Pionopsitta parrots and Pteroglossus toucans. Mol. Phylo. Evol. 36:288-304."
10.1086/593137,Chordata,15,15,0.144723,"Eberhard, J. R., and E. Bermingham. 2005. Phylogeny and comparative biogeography of Pionopsitta parrots and Pteroglossus toucans. Mol. Phylo. Evol. 36:288-304."
10.1086/593137,Chordata,10,10,0.944484,"García-Moreno, J., N. Cortéz, G. M. García-Deras, and B. E. Hernández-Baños. 2006. Local origin and diversification among Lampornis hummingbirds: A Mesoamerican taxon. Mol. Phylo. Evol. 38:488-498."
10.1086/593137,Arthropoda,4,4,-1.26095,"Morse, G. E., and B. D. Farrell. 2005. Interspecific phylogeography of the Stator liombatus species complex: The geographic context of speciation and specialization. Mol. Phylo. Evol. 36:201-213."
10.1086/593137,Chordata,38,38,-2.69171,"Olsson, U., P. Alstrom, P. G. P. Ericson and P. Sundberg. 2005. Non-monophyletic taxa and cryptic species - Evidence from a molecular phylogeny of leaf-warblers (Phylloscopus, Aves). Mol. Phylo. Evol. 36:261-276."
10.1086/593137,Arthropoda,9,17,-1.21418,"Silva-Brandão, A. V. L. Freitas, A. V. Z. Brower, and V. N. Solferini. 2005. Phylogenetic relationships of the New World Triodini swallowtails (Lepidoptera: Papilionidae) based on COI, COII and EF-1a genes. Mol. Phylo. Evol. 36:468-483."
10.1086/593137,Arthropoda,12,14,-0.67616,"Sota, T., Y. Takami, G. B. Monteith, and B. P. Moore. 2005. Phylogenetic and character evolution of endemic Australian carabid beetles of the genus Pamborus based on mitochondrial and nuclear gene sequences. Mol. Phylo. Evol. 36:391-404."
10.1086/593137,Chordata,12,12,-3.0484,"Takacs, Z., J. C. Morales, T. Geissmann, and D. J. Melnick. 2005. A complete species-level phylogeny of the Hylobatidae based on mitochondrial ND3-ND4 gene sequences. Mol. Phylo. Evol. 36:456-467."
10.1086/593137,Chordata,12,12,-2.78109,"Veyrunes, F., J. Britton-Davidian, T. J. Robinson, E. Calvet, C. Denys, and P. Chevret. 2005. Molecular phylogeny of the African pygmey mice, subgenus Nannomys (Rodentia, Murinae, Mus): Implications for chromosomal evolution. Mol. Phylo. Evol. 36:358-369."
10.1086/593137,Mollusca,24,24,-1.96373,"Wilson, N. G., and M. S. Y. Lee. 2005. Molecular phylogeny of Chromodoris (Mollusca, Nudibranchia) and the identification of a planar spawning clade. Mol. Phylo. Evol. 36:722-727."
10.1086/593137,Chordata,6,12,-3.44419,"Yokoyama, R., and A. Goto. 2005. Evolutionary history of freshwater sculpins, genus Cottus (Teleostei: Cottidae) and related taxa as inferred from the mitochondrial DNA phylogey. Mol. Phylo. Evol. 36:654-668."
10.1086/593137,Arthropoda,12,13,-0.88116,"Ayoub, N. A., S. E. Reichert, and R. L. Small. 2005. Speciation history of the North American funnel web spiders, Agelenopsis (Araneae: Agelenidae):Phylogenetic inferences at the population-species interface. Mol. Phylo. Evol. 36:42-57."
10.1086/593137,Chordata,28,56,-3.62105,"Barber, P. H., and D. R. Bellwood. 2005. Biodiversity hotspots: evolutionary origins of biodiversity in wrasses (Halichoeres: Labridae) in the Indo-Pacific and new world tropics. Mol. Phylo. Evol. 35:235-253."
10.1086/593137,Magnoliophyta,39,60,-0.7227,"Barker, N. P., A. Vanderpoorten, C. M. Morten, and J. P. Rourke. 2004. Phylogeny, biogeography, and the evolution of life-history traits in Leucadendron (Proteaceae). Mol. Phylo. Evol. 33:845-860."
10.1086/593137,Chordata,38,43,-3.69908,"Burns, K. J., and K. Naoki. 2004. Molecular phylogenetics and biogeography of Neotropical tanagers in the genus Tangara. Mol. Phylo. Evol. 32:838-854."
10.1086/593137,Chordata,9,11,-0.92073,"Cárdenas, L., C. E. Hernández, E. Poulin, A. Magoulas, I. Kornfield, and F. P. Ojeda. 2005. Origin, diversificatino, and historical biogeography of the genus Trachurus (Perciformes: Carangidae). Mol. Phylo. Evol. 35:496-507."
10.1086/593137,Chordata,6,6,-0.96375,"Carranza, S., E. N. Arnold, E. Wade, and S. Fahd. 2004. Phylogeography of the false smooth snakes, Macroprotodon (Serpentes, Colubridae): mitochondrial DNA sequences show European populations arrived recently from Northwest Africa. Mol. Phylo. Evol. 33:523-532."
10.1086/593137,Chordata,23,25,-2.20093,"Doadrio, I., and J. A. Carmona. 2004. Phylogenetic relationships and biogeography of the genus Chondrostoma inferred from mitochondrial DNA sequences. Mol. Phylo. Evol. 33:802-815."
10.1086/593137,Chordata,10,10,-1.35186,"Froufe, E., I. K. S. Weiss. 2005. Phylogenetic analysis of the genus Thymallus (grayling) based on mtDNA control region and ATPase 6 genes, with inferences on control region consraints and broade-scale Eurasian pylogeography. Mol. Phylo. Evol. 34:106-117."
10.1086/593137,Chordata,4,6,-0.98595,"Garrigues, T., C. Dauga, E. Ferquel, V. Choumet, and A.-B. Failloux. 2005.Molecular phylogeny of Vipera laurenti, 1768 and the related genera Macrovipera (Reuss, 1927) and Daboia (Gray, 1842), with comments about neurotoxic Vipera aspis aspis populations. Mol. Phylo. Evol. 35:35-47."
10.1086/593137,Arthropoda,6,6,1.014422,"Goropashnaya, A. V., V. B. Fedorov, and P. Pamilo. 2004. Recent speciation in the Formica rufa group ants (Hymenoptera, Formicidae): inference from mitochondrial DNA phylogeny. Mol. Phylo. Evol. 32:198-206."
10.1086/593137,Chordata,50,57,-2.79538,"Hillis, D. M., and T. P. Wilcox. 2005. Phylogeny of the New World frogs (Rana). Mol. Phylo. Evol. 34:299-314."
10.1086/593137,Arthropoda,11,19,-0.7006,"Hundsdoerfer, A. K., I. J. Kitching, and M. Wink. 2005. A molecular phylogeny of the hawkmoth genus Hyles (Lepidoptera: Sphingidae, Macroglossinae). Mol. Phylo. Evol. 35:442-458."
10.1086/593137,Chordata,11,14,-2.01023,"Ketmaier, V., P. G. Bianco, M. Cobolli, M. Krivokapic, R. Caniglia, and E. De Matthaeis. 2004. Molecular phylogeny of two lineages of Leuciscinae cyprinids (Telestes and Scardinius) from the peri-Mediterranean area based on cytochrome b data. Mol. Phylo. Evol. 32:1061-1071."
10.1086/593137,Chordata,8,9,-0.59928,"Kizirian, D., A. Trager, M. A. Donnelly, and J. W. Wright. 2004. Evolution of Galapagos Island Lava Lizards (Iguania: Tropiduridae: Microlophus). Mol. Phylo. Evol. 32:761-769."
10.1086/593137,Chordata,20,20,-1.52182,"Klanten, S. O., L. van Herwerden, J. H. Choat, and D. Blair. 2004. Patterns of lineage diversification in the genus Naso (Acanthuridae). Mol. Phylo. Evol. 32:221-235."
10.1086/593137,Chordata,19,28,0.157379,"Lijtmaer, D. A., N. M. M. Sharpe, P. L. Tubaro, and S. C. Lougheed. 2004. Molecular phylogenetics and diversification of the genus Sporophila (Aves: Passeriformes). Mol. Phylo. Evol. 33:562-579."
10.1086/593137,Chordata,13,15,-1.01938,"Luo, J., D. Yang, H. Suzuki, Y. Wang, W.-J. Chen, K. L. Campbell, and Y.-P. Zhang, 2004. Molecular phylogeny and biogeography of Oriental voles: genus Eothenomys (Muridae, Mammalia). Mol. Phylo. Evol. 33:349-362."
10.1086/593137,Chordata,22,27,-2.44233,"Malhotra, A., and R. S. Thorpe. 2004. A phylogeny of four mitochondrial gene regions suggests a revised taxonomy for Asian pitvipers (Trimeresurus and Oviphis). Mol. Phylo. Evol. 32:83-100."
10.1086/593137,Arthropoda,22,23,-2.88024,"Mallarino, R., E. Bermingham, K. R. Willmott, A. Whinnett, and C. D. Jiggins. 2005. Molecular systematics of the butterfly genus Ithomia (Lepidoptera: Ithomiinae): a composite phylogenetic hypothesis based on seven genes. Mol. Phylo. Evol. 34:625-644."
10.1086/593137,Chordata,15,15,-3.47408,"Minegishi, Y., J. Aoyama, J. G. Inoue, M. Miya, M. Nishida, and K. Tsukamoto. 2005. Molecular phylogeny and evolution of the freshwater eels genus Anguilla based on the whole mitochondrial genome sequences. Mol. Phylo. Evol. 34: 134-146."
10.1086/593137,Chordata,11,11,-2.59392,"Moussalli, A., A. F. Hugall, and C. Moritz. 2005. A mitochondrial phylogeny of the rainforest skink genus Saproscincus, Wells and Wellington (1984). Mol. Phylo. Evol. 34:190-202."
10.1086/593137,Chordata,32,32,-2.63752,"Near, T. J., D. I. Bolnick, and P. C. Wainwright. 2004. Investigating phylogenetic relationsihps of sunfishes and black basses (Actinopterygii: Centrarchidae) using DNA sequences from mitochondrial and nuclear genes. Mol. Phylo. Evol. 32:344-357."
10.1086/593137,Magnoliophyta,7,9,-1.65078,"Neves, S. S., G. Swire-Clark, K. W. Hilu, and W. B. Baird. 2005. Phylogeny of Eleusine (Poaceae: Chloridoideae) based on nuclear ITS and plastid trnT-trnF sequences. Mol. Phylo. Evol. 35:395-419."
10.1086/593137,Chordata,5,5,-2.23363,"Overton, L. C., and D. D. Rhoads. 2004. Molecular phylogenetic relationships based on mitochondrial and nuclear gene sequences for the Todies (Todus, Todidae) of the Caribbean. Mol. Phylo. Evol. 32:524-538."
10.1086/593137,Chordata,10,10,-2.8665,"Stenson, A. G., R. S. Thorpe, and A. Malhotra. 2004. Evolutionary differentiation of maculatus group anoles based on analyses of mtDNA and microsatellite data. Mol. Phylo. Evol. 32:1-10."
10.1086/593137,Arthropoda,21,21,-2.4768,"Swigoňová, Z., and K. M. Kjer. 2004. Phylogeny and host-plant association in the leaf beetle genus Trirhabda LeConte (Coleoptera: Chrysomelidae). Mol. Phylo. Evol. 32:358-374."
10.1086/593137,Chordata,31,31,0.531037,"Xiao, H., S.-y. Chen, X.-m. Liu, R.-d. Zhang, W.-x. Li, R.-g. Zan, and Y.-p. Zhang. 2005. Molecular phylogeny of Sinocyclocheilus (Cypriniformes: Cyprinidae) inferred from mitochondrial DNA sequences. Mol. Phylo. Evol. 36:67-77."
10.1086/593137,Magnoliophyta,16,16,-1.0212,"Yi, T., A. J. Miller, and J. Wen. 2004. Phylogenetic and biogeographic diversification of Rhus (Anacardiaceae) in the Northern Hemisphere. Mol. Phylo. Evol. 33:861-879."
10.1086/593137,Chordata,7,7,-0.11817,"Yu, L., Q.-w. Li, O. A. Ryder, and Y.-p. Zhang. 2004. Phylogeny of the bears (Ursidae) based on nuclear and mitochondrial genes. Mol. Phylo. Evol. 32:480-494."
10.1086/593137,Arthropoda,12,15,-4.34431,"Bell, K. L., D. K. Yeates, C. Moritz, and G. B. Montgeith. 2004. Molecular phylogeny and biogeography of the dung beetle genus Temnoplectron Westwood (Scarabaeidae: Scarabaeinae) from Australia's wet tropics. Mol. Phylo. Evol. 31:741-753."
10.1086/593137,Chordata,9,9,-1.71712,"Banford, H. M., E. Bermingham, and B. B. Collette. 2004. Molecular phylogenetics and biogeography of transisthmian and amphi-Atlantic needlefishes (Belonidae: Strongylura and Tylosurus): perspectives and New World marine speciation. Mol. Phylo. Evol. 31:833-851."
10.1086/593137,Arthropoda,23,27,0.804372,"Artiss, T., T. R. Schultz, D. A. Polhemus, and C. Simon. 2001. Molecular phylogenetic analysis of the dragonfly genus Libellula, Ladona, and Plathemis (Odonata: Libellulidae) based on mitochondrial cytochrome oxidase I and 15S rRNA sequence data. Mol. Phylo. Evol. 18:348-361."
10.1086/593137,Chordata,9,16,-3.5631,"Austin, J. J., E. N. Arnold, and C. G. Jones. 2004. Reconstructing an island radiation using ancient and recent DNA: the extinct and living day geckos (Phelsuma) of the Mascarene islands. Mol. Phylo. Evol. 31:109-122."
10.1086/593137,Chordata,9,17,-0.664,"Austin, J. J. 1996. Molelucar phylogenetics of Pufinus shearwaters: Preliminary evidence from mitochondrial cytochrome b gene sequences. Mol. Phylo. Evol. 6:77-88."
10.1086/593137,Magnoliophyta,47,64,-4.8083,"Becerra, J. X. 2003. Evolution of Mexican Bursera (Burseraceae) inferred from ITS, ETS, and 5S nuclear ribosomal DNA sequences. Mol. Phylo. Evol. 26:300-309."
10.1086/593137,Arthropoda,5,5,-0.70644,"Blum, M. J., E. Bermingham and K. Dasmahapatra. 2003. A molecular phylogeny of the neotropical butterfly genus Anartia (Lepidoptera: Nymphalidae). Mol. Phylo. Evol. 26:46-55."
10.1086/593137,Chordata,17,26,-3.7326,"Alfaro, M. E., and S. J. Arnold. 2001. Molecular systematics and evolution of Regina and the Thamnophiine snakes. Mol. Phylo. Evol. 21:408-423."
10.1086/593137,Chordata,5,5,-1.93537,"Collins, A. C., and J. M. Dubach. 2001. Nuclear DNA variation in spider monkeys (Ateles). Mol. Phylo. Evol. 19:67-75."
10.1086/593137,Chordata,8,9,-2.85636,"Burridge, C. P. 1999. Molecular phylogeny of Nemadactylus and Acantholatris (Perciformes: Ciffhitoidea: Cheilodactylidae), with implications for taxonomy and biogeography. Mol. Phylo. Evol. 13:93-109."
10.1086/593137,Chordata,13,13,1.456429,"Chesser, R. T. 2000. Evolution in the high Andes: The phylogenetics of Muscisaxicola ground-tyrants. Mol. Phylo. Evol. 15:369-380."
10.1086/593137,Arthropoda,14,15,0.24237,"Chippendale, P. T., V. K. Dave, D. H. Whitmore, and J. V. Robinson. 1999. Phylogenetic relationships of North American damselflies of the genus Ischnura (Odonata: Zygoptera: Coneagrionidae) based on sequences of three mitochondrial genes. Mol. Phylo. Evol. 11:110-121."
10.1086/593137,Chordata,8,9,-1.47224,"Cortes-Ortiz, L., E. Bermingham, C. Rico, E. Rodriguez-Luna, I. Scampaio, and M. Ruiz-Garcia. 2002. Molecular systematics and biogeography of the Neotropical monkey genus, Alouatta. Mol. Phylo. Evol. 26:64-81"
10.1086/593137,Chordata,9,9,-0.88668,"Crochet, P. -A., O. Chaline, Y. Surget-Groba, C. Debain, and M. Cheylan. 2003. Speciation in mountains: phylogeography and phyolgeny of the rock lizards genus Iberolacerta (Reptilia: Lacertidae). Mol. Phylo. Evol. 30:860-866."
10.1086/593137,Arthropoda,14,14,-2.12625,"Danforth, B. N., H. Sauquet, and L. Packer. 1999. Phylogeny of the Bee genus Halictus (Hymenoptera: Halictidae) based on parsimony and likelihood analyses of nuclear EF-1a sequence data. Mol. Phylo. Evol. 25:511-523"
10.1086/593137,Chordata,30,32,-2.73158,"Daniels, S. R., B. A. Stewart, G. Gouws, M. Cunningham, and C. A. Matthee. 2002. Phylogenetic relationships of the southern African freshwater crab fauna (Decapoda: Potamonautidae: Potamonautes) derived from multiple data sets reveal biogeographic patterning. Mol. Phylo. Evol. 25: 511-523."
10.1086/593137,Chordata,14,14,0.482901,"de Queiroz, A., R. Lawson, and J. A. Lemos-Espinal. 2002. Phylogenetic relationships of North Ameican garter snakes (Thamnophis) based on four mitochondrial genes: How much DNA sequence is enough? Mol. Phylo. Evol. 22: 315-329."
10.1086/593137,Arthropoda,32,37,-1.72974,"Demastes, J. W., T. A. Spradling, M. S. Hafner, D. J. Hafner, and D. L. Reed. 2002. Systematics and Phylogeography of Pocket Gophers in the Genera Cratogeomys and Pappogeomys. Mol. Phylo. Evol. 22:144-145."
10.1086/593137,Chordata,7,7,-0.45904,"Dietrich, C. H., R. F. Whitcomb, and W. C. Balck IV. 1997. Phyogeny of the grassland leafhopper genus Flexamia (Homoptra: Cicadellidae) based on Mitochondrial NDA sequences. Mol. Phylo. Evol. 8:139-149."
10.1086/593137,Arthropoda,11,13,-0.22352,"Durcroz, J. -F., V. Volobouev, and L. Granjon. 1998. A molecular perspective on the systematics and evolution of the genus Arvicanthis (Rodentia, Muridae): Inferences from complete Cytochome b gene sequences. Mol. Phylo. Evol. 10:104-117."
10.1086/593137,Chordata,5,6,-1.99981,"Faber, J. E., and C. A. Stepien. 1998. Tandemly repeated sequences in the mitochondrial DNA control region and phylogeography of Pike-Perches Stizostedion. Mol. Phylo. Evol. 10:310-322."
10.1086/593137,Arthropoda,13,21,1.203294,"Garb, J. E., A. Gonzalez, and R. G. Gillespie. 2004. The black widow spider genus Latrodectus (Araneae: Theridiidae): Phylogeny, biogeography, and invasion history. Mol. Phylo. Evol. 31:1127-1142."
10.1086/593137,Chordata,23,30,-2.24466,"Garcia-Moreno, J., J. Ohlson, J. Fjedsas. 2001. MtDNA sequences support monophyly of Hemispingus Tanagers. Mol. Phylo. Evol. 21:424-435."
10.1086/593137,Chordata,8,12,-3.84569,"Garcia-Moreno, J., P. Arctander, and J. Fjedsas. 1999. A case of rapid diversification in the neotropics:phylogenetic relationship among Cranioleuca Spinetails (Aves, Furnariidae). Mol. Phylo. Evol. 12:273-281."
10.1086/593137,Chordata,11,11,0.4399,"Gonzalez, P., F. Pinto, M. Nogales, J. Jimenez-Asensio, M. Hernandez, and V. M. Cabrera. 1996. Phylogenetic relationships of the Canary islands endemic lizard genus Gallotia (Sauria: Lacertidae), inferred from nitochondrial DNA sequences. Mol. Phylo. Evol. 6:63-71."
10.1086/593137,Chordata,9,11,-1.89711,"Groombridge, J. J., C. G. Jones, R. A. Nichols, M. Carlton, and M. W. Bruford. 2004. Molecular phylogeny and morphological change in the Psittacula parakeets. Mol. Phylo. Evol. 31:96-108."
10.1086/593137,Chordata,26,26,-3.8424,"Hardman, M. 2004. The phylogenetic relationships among Noturus catfishes (Siluriformes: Inctaluridae) as inferred from mitochondrial gene cytochrome b and nucleae recombination activating gene 2. Mol. Phylo. Evol. 30:395-408."
10.1086/593137,Arthropoda,8,8,-1.95601,"Harrison, J. S. 2004. Evolution, biogeography, and the utility of mitochondrial 16s and COI genes in phylogenetic analysis of the crab genus Austinixa (Decapoda: Pinnotheridae). Mol. Phylo. Evol. 30:743-754."
10.1086/593137,Chordata,13,13,-3.36331,"Hodges, W. L. and K. R. Zamudio. 2004. Horned lizard (Phrynosoma) phylogeny inferred from mitochondrial genes and morphological characters: understanding conflicts using multiple approaches. Mol. Phylo. Evol. 31:961-971."
10.1086/593137,Chordata,10,10,-0.37144,"Ingram, C. M., H. Burda, and R. L. Honeycutt. 2004. Molecular phylogenetics and taxonomy of the African mole-rats, genus Cryptomys and the new genus Coetomys Gray, 1864. Mol. Phylo. Evol. 31:997-1014."
10.1086/593137,Arthropoda,14,15,-3.47733,"Jordal, B. H., L. R. Kirkendall, and K. Harkestad. 2004. Phylogeny of a Macaronesian radiation: host-plant use and possible cryptic speciation in Liparthrum bark beetles. Mol. Phylo. Evol. 31:554-571."
10.1086/593137,Chordata,16,18,-3.41444,"Joseph, L., T. Wilke, E. Bermingham, D. Alpers, and R. Ricklefs. 2004. Towards a phylogenetic framework for the evolution of snakes, rattles, and rolls in Myiarchus tyrant-flycatchers (Aves: Passeriformes: Tyrannidae). Mol. Phylo. Evol. 31:139-152."
10.1086/593137,Chordata,4,4,-1.08071,"Kiefer, A., F. Mayer, J. Kosuch, O. von Helversen, and M. Veith. 2002. Conflicting molecular phylogenies of European long-eared bats (Plecotus) can be explained by cryptic diversity. Mol. Phylo. Evol. 25: 557-566."
10.1086/593137,Chordata,6,6,-0.30776,"Klicka, J., R. M. Zink, and K. Winker. 2003. Longspurs and snow bunthings: phylogeny and biogeography of a high-latitude clade (Calcarius). Mol. Phylo. Evol. 26:165-175."
10.1086/593137,Chordata,4,7,-0.63816,"Kochzius, M., R. Soller, M. A. Khalaf, and D. Blohm. 2003. Molecular phylogeny of the lionfish genera Dendrochirus and Pterois (Scorpaenidae, Pteroinae) based on mitochondrial DNA sequences. Mol. Phylo. Evol. 28:396-403."
10.1086/593137,Chordata,4,4,-0.51011,"Kosuch, J., M. Vences, A. Dubios, A. Ohler, and W. Bohme. 2001. Out of Asia: Mitocondrial DNA evidence for an oriental origin of tiger frogs, genus Hoplobatrachus. Mol. Phylo. Evol. 21:398-407."
10.1086/593137,Arthropoda,22,24,-1.74102,"Lavery, S., T. Y. Cahn, Y. K. Tam, and K. H. Chu. 2004. Phylogenetic relationships and evolutionary History of shrimp genus Penaeus s.l. derived from mitochondrial DNA. Mol. Phylo. Evol. 31:39-49."
10.1086/593137,Chordata,5,5,-0.44361,"Lee, S., C. S. Parr, Y. Hwang, D. P. Mindell, and J. C. Choe. 2003. Phylogeny of magpies (genus Pica) inferred from mtDNA data. Mol. Phylo. Evol. 29:250-257."
10.1086/593137,Chordata,17,17,-2.23508,"Lucchini, V., J. Hoglund, S. Klaus, J. Swenson, and E. Randi. 2001. Historical biogeography and a mitochondrial DNA phylogeny of Grouse and Ptarmigan. Mol. Phylo. Evol. 20:149-162."
10.1086/593137,Chordata,21,25,-2.73429,"Mahoney, M. J. 2001. Molecular systematics of Plethodon and Aneides (Caudata:Plethodontidea: Plethodontini): Phylogenetic analysis of and old rapid radiation. Mol. Phylo. Evol. 18:174-188."
10.1086/593137,Chordata,9,13,-1.88406,"Malhortra, A., and R. S. Thorpe. 2000. A phylogeny of the Trimeresurus group of pit vipers: New evidence from mitochondrial gene tree. Mol. Phylo. Evol. 16:199-211."
10.1086/593137,Chordata,9,9,-1.21237,"Malone, C. L., T. Wheeler, J. F. Taylor, and S. K. Davis. 2000. Phylogeopraphy of the Caribbean rock iguana (Cyclura): Implications for conservation and insights on the biogeopraphic history of the west Indies. Mol. Phylo. Evol. 17:269-279."
10.1086/593137,Chordata,3,5,-1.28296,"Masta, S. E., B. K. Sullivan, T. Lamb, and E. J. Routman. 2002. Molecular systematics, hybridization, and phylogeography of the Bufo americanus complex in eastern North America. Mol. Phylo. Evol. 24:302-314."
10.1086/593137,Arthropoda,5,10,-1.04375,"Misof, B., C. L. Anderson, and H. Hadrys. 2000. A phylogeny of damselfly genus Calopteryx (Odonata) using mitochondrial 16S rDNA markers. Mol. Phylo. Evol. 15:5-14."
10.1086/593137,Chordata,4,4,0.371642,"Miya, M., and M. Nishida. 1998. Molecular phylogeny and evolution of the deep-sea fish genus Sternoptyx. Mol. Phylo. Evol. 10:11-22."
10.1086/593137,Arthropoda,36,54,-3.21782,"Monteiro, A., and N. E. Pierce. 2001. Phylogeny of Bicyclus (Lepidoptera:Nympalidae) inferred from COI, COII and EF-1a gene sequence. Mol. Phylo. Evol. 18:264-281."
10.1086/593137,Chordata,17,17,0.029915,"Moriarty, E. C., and D. C. Cannatella. 2004. Phylogenetic relationships of the North American chorus frogs (Pseudacris: Hylidae). Mol. Phylo. Evol. 30:409-420."
10.1086/593137,Arthropoda,27,27,-4.98474,"Morrison, C. L., R. Rios, and J. E. Duffy. 2004. Phylogenetic evidence for an ancient rapid radiation of Caribbean sponge-dwelling snapping shrimps (Synalpheus). Mol. Phylo. Evol. 30:563-581."
10.1086/593137,Chordata,49,49,-4.76165,"Murphy, W. J., and G. E. Collier. 1999. Phylogenetic relationship of African Killifishes in the genera Aphyosemion and Fundulopanchax inferred from mitochondrial DNA sequences. Mol. Phylo. Evol. 11:351-360."
10.1086/593137,Chordata,25,25,-4.38818,"Omland, K .E., S. M. Lanyon, and S. J. Fritz. 1999. A molecular phylogeny of the new world Orioles (Icterus): the importance of dense taxon sampling. Mol. Phylo. Evol. 12:224-239."
10.1086/593137,Chordata,4,5,-2.85599,"Palma, R. E., E. Rivera-Milla, T. L. Yates, P. A. Marquet, and A. P. Meynard. 2002. Phylogenetic and biogeographic relationships of the mouse opossum Thylamys (Didelphimorphia, Didelphidae) in south America. Mol. Phylo. Evol. 25:245-253."
10.1086/593137,Chordata,17,22,-1.91803,"Parra-Olea, G. 2002. Molecular phylogenetic relationships of noetropical salamanders of the genus Pseudoeurycea. Mol. Phylo. Evol. 22:234-246."
10.1086/593137,Arthropoda,6,6,-0.89251,"Passamoni, M., B. Mantovani, and V. Scali. 2004. Phylogeny and karyotype evolution of the Iberian Leptynia attenuata species complex (Insecta Phasmatodea). Mol. Phylo. Evol. 30: 87-96."
10.1086/593137,Chordata,9,9,-2.83862,"Pondella, D. J., M. T. Craig, and J. P. C. Franck. 2003. The phylogeny of Paralabrax (Perciformes: Serranidae) and allied taxa inferred from partial 16S and 12S mitochondrial ribosomal DNA sequences. Mol. Phylo. Evol. 29:176-184."
10.1086/593137,Chordata,27,31,-3.62703,"Porter, B. A., T. M. Cavender, and P. A. Fuerst. 2002. Molecular pholgeny of the snubnose darters, subgenus Ulocentra (genus Etheostoma, family Percidae). Mol. Phylo. Evol. 22:364-374."
10.1086/593137,Chordata,7,7,-2.47465,"Randi, E. 1996. A mitochondrial cytochrome B phylogeny of the Alectoris partridges. Mol. Phylo. Evol. 6:214-227."
10.1086/593137,Chordata,9,10,-2.15693,"Randi, E., V. Lucchini, A. Hennache, R. T. Kimball, E. L. Braun, and D. Ligon. 2001. Evolution of the mitochondrial DNA control region and cytochrome b genes and the inference of phylogenetic relationships in Avian genus Lophura (Galliformes). Mol. Phylo. Evol. 19:187-201."
10.1086/593137,Chordata,7,7,-0.86886,"Reed, D. L., M. J. deGravelle, and K. E. Carpenter. 2001. Molecular systematics of Selene (Perciformes: Carangidae) based on cytochrome b sequences. Mol. Phylo. Evol. 21:468-475."
10.1086/593137,Chordata,4,7,-0.05073,"Ribas, C. C., and C. Y. Miyaki. 2004. Molecular systematics in Aratinga paraleets: species limits and historical biogeography in the 'solstitialis' group, and the systematic position of the Nandayus nenday. Mol. Phylo. Evol. 30:663-675."
10.1086/593137,Chordata,14,14,-1.6338,"Rocha-Olivares, A., R. H. Rosenblatt, and R. D. Vetter. 1999. Molecular evolution, systematics, and zoogeography of the rockfish subgenus Sebastomus (Sebastes, Scorpaenidae) based on mitochondrial cytochrome b and control region sequences. Mol. Phylo. Evol. 11:441-458."
10.1086/593137,Arthropoda,14,22,-0.93595,"Rubinoff, D. and F. A.H. Sperling. 2002. Evolution of ecological traits and wing morphology in Hemileuca (Saturniidae) based on a two-gene phylogeny. Mol. Phylo. Evol. 25:70-86."
10.1086/593137,Chordata,25,27,-1.61737,"Russello, M. A., and G. Amato. 2004. A molecular phylogeny of Amazona: implications for neotropical parrot biogeography, taxonomy, and consercation. Mol. Phylo. Evol. 30:421-437."
10.1086/593137,Chordata,10,10,0.013887,"Salazar-Bravo, J., J. W. Dagoon, D. S. Tinnin, and T. L. Yates. 2001. Phylogeny and evolution of the neotropical rodent genus Calomys: Inferences from mitochondrial DNA sequence data. Mol. Phylo. Evol. 20:173-184."
10.1086/593137,Chordata,16,16,-0.72854,"Schauble, C. S., C. Mortiz, and R. W. Slade. 2000. A molecular phylogeny for the frog genus Limnodynastes (Anura: Myobatrachidae). Mol. Phylo. Evol. 16:379-391."
10.1086/593137,Chordata,13,14,-2.88578,"Scott, I. A.W., J. S. Keogh, and M. J. Whiting. 2004. Shifting sands and shifty lizards:molecular phylogeny and biogeography of African flat lizards (Platysaurus). Mol. Phylo. Evol. 31:618-629."
10.1086/593137,Mollusca,17,20,-0.97119,"Serb, J. M., J. E. Buhay, and C. Lydeard. 2003. Molecular systematics of the north American freshwater bivalve genus Quadrula (Unionidae: Ambleminae) based on mitochondrial ND1 sequences. Mol. Phylo. Evol. 28:1-11."
10.1086/593137,Arthropoda,17,28,-4.2945,"Sipes, S. D., and P. G. Wolf. 2001. Phylogenetic relationships within Diadasia, a group of specialist bees. Mol. Phylo. Evol. 19:144-156."
10.1086/593137,Chordata,8,8,-0.14804,"Stone, K. D., and J. A. Cook. 2002. Molecular evolution of Holarctic martens (genus Martes, Mammalia: Carnivora: Mustelidae). Mol. Phylo. Evol. 24:169-179."
10.1086/593137,Chordata,13,13,-3.27898,"Strecker, U., C. G. Meyer, C. Sturmbauer, and H. Wilkens. 1996. Genetic divergence and speciation in an extremely young species flock in Mexico formed by the genus Cyprinodon (Cyprinodontidae, Teleostei). Mol. Phylo. Evol. 6:143-149."
10.1086/593137,Chordata,5,5,0.007463,"Su, B., Y. -X. Wang, H. Lan, W. Wang, and Y. Zhang. 1999. Phylogenetic study of complete cytochrome b genes in musk deer (genus Moschus) using museum samples. Mol. Phylo. Evol. 12:241-249."
10.1086/593137,Chordata,8,8,0.443809,"Sumida, M., M. Ogata, and M. Nishioka. 2000. Molecular phylogenetic relationships of pond frogs distributed in the Palearctic region inferred from DNA sequences of mitochondrial 12S ribosomal RNA and cytochrom b genes. Mol. Phylo. Evol. 16:278-285."
10.1086/593137,Chordata,11,12,-0.70412,"Symula, R., R. Schulte, and K. Summers. 2003. Molecular systematics and phylogeography of Amazonian poison frogs of the genus Dendrobates. Mol. Phylo. Evol. 26:452-475."
10.1086/593137,Arthropoda,6,6,0.63014,"Tang, B., K. Zhou, D. Song, G. Yang, and A. Dai. 2003. Molecular systematics of the Asian mitten crabs, genus Eriocheir (Crustacea: Brachyura). Mol. Phylo. Evol. 29:309-316."
10.1086/593137,Chordata,5,5,-1.40469,"Tougard, C., T. Delefosse, C. Hanni, and C. Montgelard. 2001. Phylogentic relationships of the five extant rhinoceros species (Rinocerotidae, Perissodactyla) based on mitochondrial cytochrome b and 12S rRNA genes. Mol. Phylo. Evol. 19:34-44."
10.1086/593137,Chordata,10,10,-2.5118,"van der Kuyl, A. C., D. L. Ph. Ballasina, J. T. Dekker, J. Maas, R. E. Willemsen, and J. Goudsmit. 2002. Phylogenetic relationships among the species of the genus Testudo (Testudines: Testudinidae) inferred from mitochondrial 12S rRNA gene sequences. Mol. Phylo. Evol. 22:174-183."
10.1086/593137,Chordata,12,14,1.295378,"Vences, M., Y. Chiari, L. Raharivololoniaina, and A. Meyer. 2004. High mitochondrial diversity within and among populations of Malagasy poison frogs. Mol. Phylo. Evol. 30:295-307."
10.1086/593137,Arthropoda,20,20,-3.97413,"Vink, C. J., and A. M. Paterson. 2003. Combined molecular and morphological phylogenetic analyses of the New Zealand wolf spider genus Anoteropsis (Araneae: Lycosidae). Mol. Phylo. Evol. 28:576-587."
10.1086/593137,Chordata,34,39,-4.96668,"Voelker, G. 1999. Molecular evolutionary relationships in the Avian genus Anthus (Pipits: Motacillidae). Mol. Phylo. Evol. 11:84-94."
10.1086/593137,Arthropoda,9,9,-2.08156,"Wares, J. P. 2001. Patterns of speciation inferred from mitochondrial DNA in north Ameican Chthamalus (Cirripedia: Balanomorpha: Chthamaloidea). Mol. Phylo. Evol. 18: 104-116."
10.1086/593137,Chordata,17,25,-2.71332,"Weibel, A. C., and W. S. Moore. 2002. Molecular phylogeny of a cosmopolitan group of woodpeckers (genus Picoides) based on COI and cyt b mitochondrial gene sequences. Molecular Phylogenetics and Evolution 22:65-75."
10.1086/593137,Chordata,9,9,-2.08365,"Whittingham, L. A., B . Silkas, D. W. Winkler, and F. H. Sheldon. 2002. Phylogeny of the tree swallow genus, Tachycineta (Aves: Hirundinidae), by Bayesian analysis of mitochondrial DNA sequences. Mol. Phylo. Evol. 22:430-441."
10.1086/593137,Chordata,5,7,-1.62541,"Yamaguchi, M., M. Miya, M. Okiyama, and M. Nishida. 2000. Molecular phylogeny and larcal morphological diversity of the Lanternfish genus Hygophum (Teleostei: Myctohidae). Mol. Phylo. Evol. 15:103-114."
10.1086/593137,Arthropoda,5,5,-0.28071,"Ye, W., C. -Y. Lee, R. H. Scheffrahn, J. M. Aleong, N. -Y. Su, G. W. Bennett, and M. E. Scharf. 2004. Phylogenetic relationships of neararctic Reticulitermes species (Isoptera: Rhinotermitidae) with particular reference to Reticulitermes arenincola Goellner. Mol. Phylo. Evol. 30:815-822."
10.1086/593137,Magnoliophyta,12,12,-0.03814,"Yokoyama, J., M. Suzuki, K. Iwatsuki, and M. Hasebes. 2000. Molecular phylogeny of Coriaria, with special emphasis on the disjunct distribution. Mol. Phylo. Evol. 14:11-19."
10.1086/593137,Arthropoda,14,14,-1.82565,"Yu, H., W. Wang, S. Fang, Y. -P. Zhang, F. -J. Lin, and Z. -C. Geng. 1999. Phylogeny and Evolution of the Drosophila nasuta subgroup based on mitochondrial ND4 and ND4L gene sequences. Mol. Phylo. Evol. 13:556-565."
10.1086/593137,Chordata,10,18,-3.09039,"Yu, N., C. Zheng, Y. -P. Zhang, and W. -H. Li. 2000. Molecular systematics of Pikas (genus Ochotona) inferred from mitochondrial DNA sequences. Mol. Phylo. Evol. 16:85-95."
10.1086/593137,Arthropoda,14,14,0.325329,"Taylor, D. J., P. D. M. Hebert, and J. K. Colbourne. 1996. Phylogenetics and evolution of the Daphnia longispina group (Crustacea) based on 12S rDNA sequence and allozyme variation. Mol. Phylo. Evol. 5:495-510."
10.1086/593137,Mollusca,39,47,2.507948,"Cunha, R. L., R. Castilho, L. Ruber, and R. Zardoya. 2005. Patterns of cladogenesis in the venomous marine gastropod genus Conus from the Cape Verde Islands. Syst. Biol. 54:634-650."
10.1086/593137,Arthropoda,97,116,-1.32101,"Vogler, A. P., A. Cardoso, and T. G. Barraclough. 2005. Exploring rate variation among and within sites in a densly sampled tree: Species level phylogenies of North American tiger beetles (genus Cicindela). Syst. Biol. 54:4-20."
10.1086/593137,Chordata,12,12,-2.47531,"Sasaki, T., M. Nikaido, H. Hamilton, M. Goto, H. Kato, M. Kanda, L. A. Pastene, Y. Cao, R. E. Fordyce, M. Hasegawa and N. Okada. 2005. Mitochondrial phylogenetics and evolution of mysticete whales. Syst. Biol. 54:77-90."
10.1086/593137,Arthropoda,61,61,-8.09015,"Perez-Losada, M., G. Bond-Buckup, C. G. Jara, and K. A. Crandall. 2004. Molecular systematics and biogeography of the southern south American freshwater ""crabs"" Aegla (Decapoda: Anomura: Aeglidae) using multiple heuristic tree search approaches. Syst. Biol. 53:767-780."
10.1086/593137,Arthropoda,20,20,-2.02575,"Jordal, B. H., and G. M. Hewitt. 2004. The origin and radiation of Macaronesian bettles breeding in Euphorbia: The relative importance of multiple data partitions and population sampling. Syst. Biol. 53:711-734."
10.1086/593137,Arthropoda,16,16,-0.95299,"Degan, P. H., A. B. Lazarus, C. D. Brock, and J. J. Wernegreen. 2004. Host-symboint stability and fast evolutionary rates in an Ant-bacterium association: Cospeciation of Camponotus species and their endosymboints, Candidatus blochmannia. Syst. Biol. 53:95-110."
10.1086/593137,Chordata,20,20,4.099983,"Sorenson, M. D., C. N. Balakrishnan, and R. B. Payne. 2004. Clade-limited colonization in brood parasitic finches (Vidua spp.). Syst. Biol. 53:140-153."
10.1086/593137,Chordata,29,33,-3.90392,"Jennings, W. B., E. R. Pianka, and S. Donnellan. 2003. Systematics of the lizard family Pyropodidae with implications for the diversification of the Australian temperate biotas. Syst. Biol. 52:757-780."
10.1086/593137,Chordata,50,50,-4.07216,"Evans, B. J., R. M. Brown, J. A. McGuire, J. Supriatna, N. Andayani, A. Diesmos, D. Iskandar, D. J. Melnick, and D. C. Cannatella. 2003. Phylogenetics of fanged frogs: Testing biogeographical hypotheses at the interface of the Asian and Australian faunal zones. Syst. Biol. 52: 794-819."
10.1086/593137,Magnoliophyta,12,12,-0.16786,"Nepokroeff, M., K. J. Sytsma, W. L. Wagner, and E. A. Zimmer. 2003. Reconstructing ancestral patterns of colonization and dispersal in the Hawaiian understory tree genus Psychotria (Rubiaceae):a comparison of parsimony and likelihood approaches. Syst. Biol. 52:820-838."
10.1086/593137,Chordata,9,9,-1.45005,"Yang, Z., and A. D. Yoder. 2003. Comparison of likelihood and Bayesian methods for estimating divergence times using multiple gene loci and calibration points, with application to a radiation of cute-looking mouse lemur species. Syst. Biol. 52:705-716."
10.1086/593137,Arthropoda,22,22,0.291763,"Jordan, S., C. Simon, and D. Polhemus. 2003. Molecular systematics and adaptive radiation of Hawaii's endemic damselfly genus Megalagrion (Odonata: Coenagrionidae). Syst. Biol. 52:89-109."
10.1086/593137,Arthropoda,11,12,-1.86724,"Hormiga, G., M. Arnedo, and R. G. Gillespie. 2003. Speciation on a conveyor belt: Sequential colonization of the Hawaiian islands by Orsonwelles spiders( Araneae, Linyphiidae). Syst. Biol. 52:70-88."
10.1086/593137,Chordata,5,5,0.239246,"Packert, M., J. Martens, S. Eck, A. A. Nazarenko, O. P. Valchuk, B. Petri, and M. Veith. 2005. The great tit (Parus major)-a misclassified ring species. Biol. J. Linn. Soc. 83:153-174."
10.1086/593137,Mollusca,15,15,0.163003,"Von Rintelen, T., and M. Glaubrecht. 2005. Anatomy of an adaptive radiation: a unique reproductive strategy in the endemic freshwater gastropod Tylomelania (Cerithioidea: Pachychilidae) on Sulawesi, Indonesia and its biogeographical implications. Biol. J. Linn. Soc. 85:513-542."
10.1086/593137,Chordata,7,7,-1.38637,"Warren, B. H., E. Bermingham, R. P. Prys-Jones, and C. Thebaud. 2005. Tracking island colonization history and phenotypic shifts in Indian ocean bulbuls (Hysipetes: Pycnonotidae). Biol. J. Linn. Soc. 85:271-287."
10.1086/593137,Chordata,6,9,-1.51067,"Amer, S. A. M., and Y. Kumazawa. 2005. Mitochondrial DNA sequences of the Afro-Arabian spiny-tailed lizards (genus Uromastyx; family Agamidae): phylogenetic analyses and evolution of gene arrangements. Biol. J. Linn. Soc. 85:247-260."
10.1086/593137,Chordata,7,7,-1.28527,"Tucker, P. K., S. A. Sandstedt, and B. L. Lundrigan. 2005. Phylogenetic relationships in the subgenus Mus (genus Mus, family Muridae, subfamily Murinae): examining gene trees and species trees. Biol. J. Linn. Soc. 84:653-662."
10.1086/593137,Chordata,13,13,-1.90791,"Lavrenchenko, L. A., E. Verheyen, S. G. Potapove, V. S. Lebedev, N. SH. Bulatova, V. M. Aniskin, W. N. Verheyen, and A. P. Ryskov. 2004. Divergent and reticulate processes in evolution of Ethiopian Lophuromys flavopunctatus species complex: evidence from mitochondrial and nuclear DNA differentiation patterns. Biol. J. Linn. Soc. 83:301-316."
10.1086/593137,Chordata,14,15,-3.54049,"Chapple, D. G., and J. S. Keogh. 2004. Parallel adaptive radiations in arid and temperate Australia: molecular phylogeography and systematics of the Egernia whitii, (Lacertilia: Scincidae) species group. Biol. J. Linn. Soc. 83:157-173."
10.1086/593137,Chordata,15,15,-2.18231,"Gaubert, P., C. A. Fernandes, M. W. Bruford, and G. Veron. 2004. Genets (Carnivora, Viverridae) in Africa: an evolutionary synthesis based on cytochrome b sequences and morphological characters. Biol. J. Linn. Soc. 81:589-610."
10.1086/593137,Chordata,55,55,-4.99522,"Parra-Olea, G., M. Garcia-Paris, and D. B. Wake. 2004. Molecular diversification of salamanders of the tropical American genus Bolitoglossa (Caudata: Plethodontidae) and its evolutionary and biogeographical implications. Biol. J. Linn. Soc. 81:325-346."
10.1086/593137,Chordata,8,10,-1.82587,"Steppan, S. J., C. Zawadzki, and L. R. Heaney. 2003. Molecular phylogeny of the endemic Philippine rodent Apomys (Muridae) and the dynamics of diversification in an oceanic archipelago. Biol. J. Linn. Soc. 80:699-715."
10.1086/593137,Chordata,14,14,-0.73216,"Suzuki, H., J. J. Sato, K. Tsuchiya, J. Luo, Y. -P. Zhang, Y. -X. Wang, and X. -L. Jiang. 2003. Molecular phylogeny of wood mice (Apodemus, Muridae) in east Asia. Biol. J. Linn. Soc. 80:469-481."
10.1086/593137,Chordata,33,33,-4.00679,"Tsigenopoulos, C. S., J. D. Durand, E. Unlu, and P. Berrebi. 2003. Rapid radiation of the Mediterranean Luciobarbus species (Cyprinidae) after the Messinian salinity crisis of the Mediterranean sea, inferred from mitochondrial phylogentic analysis. Biol. J. Linn. Soc., 80:207-222."
10.1086/593137,Chordata,7,12,-4.30142,"Garcia, G., F. Alvarez-Valin, and N. Gomez. 2002. Mitochondrial genes: signal and noise in the phylogenetic reconstruction of the annuall killfish genus Cynolebias (Cyprinodontiformes, Ricuildae). Biol. J. Linn. Soc. 76:49-59."
10.1086/593137,Chordata,10,13,-1.94932,"Ota, H., M. Honda, S. -L. Chen, T. Hikida, S. Panha, H. -S. Oh, and M. Matsui. 2002. Phylogenetic relationships, taxonomy, character evolution and biogeography of the lacertid lizards of the genus Takydromus (Reptilia: Squamata): a molecular perspective. Biol. J. Linn. Soc. 76:493-509."
10.1086/593137,Arthropoda,13,13,-2.09398,"Remigio, E. A., P. D. N. Hebert and A. Savage. 2001. Phylogenetic relationships and remarkable radiation in Parartemia (Crustacea: Anostraca), the endemic brine shrimp of Australia: evidence from mitochondrial DNA sequence. Biol. J. Linn. Soc. 74:59-71."
10.1086/593137,Chordata,6,6,-0.33758,"Kimball, R. T., E. L. Braun, J. D. Ligon, V. Lucchini, and E. Randi. 2001. A molecular phylogeny of the peacock-pheasants (Galliformes: Polyplectron spp.) indicates loss and reduction of ornimental traits and display behaviours. Biol. J. Linn. Soc. 73:187-198."
10.1086/593137,Mollusca,20,20,-1.45869,"Goodacre, S. L., and C. M. Wade. 2001. Patterns of genetic variation in Pacific island land snails: the disribution of cytochrome b lineages among Society Island Partula. Biol. J. Linn. Soc. 73:131-138."
10.1086/593137,Chordata,17,27,-2.60832,"Mascheretti, S., and P. M. Mirol. 2000. Phylogenetics of the speciose and chromosomally variable rodent genus Ctenomys (Ctenomyidae, Octodontoidea), based on mitochondrial cytochrome b sequences. Biol. J. Linn. Soc. 70: 361-376."
10.1086/593137,Arthropoda,7,13,2.807756,"Johnson, D. G., B. C. Carstens, W. S. Sheppard, and R. S. Zach. 2005. Phylogeny of leafhopper subgenus Errhomus (Erronus) (Hemiptera: Cicadellidae) based on mitochondrial DNA sequences. Ann. Entomol. Soc. Am. 98:165-172."
10.1086/593137,Arthropoda,14,14,-0.15624,"Spicer, G. S., and C. D. Bell. 2002. Molecular phylogeny of the Drosophila virilis species group (Diptera:Drosophilidae) inferred from Mitochondrial 12S and 16S ribosomal RNA genes. Systematics 95:156-161."
10.1086/593137,Arthropoda,18,18,-2.59545,"Kruse, J. J., F. A. H. Sperling. 2002. Phylogeny of neararctic species of the Xylosteana group of Archips Hubner (Lepidoptera: Tortricidae) based on combined analysis of morphological and mitochondrial DNA data sets. Ann. Entomol. Soc. Am. 95:288-301."
10.1086/593137,Magnoliophyta,5,7,-3.06496,"Church, S. A., and D. R. Taylor. 2005. Speciation and hybridization among Houstonia (Rubiaceae) species: the influence of polyploidy on reticulate evolution. Amer. J. Bot. 92:1372-1380."
10.1086/593137,Magnoliophyta,5,7,-1.35058,"Church, S. A., and D. R. Taylor. 2005. Speciation and hybridization among Houstonia (Rubiaceae) species: the influence of polyploidy on reticulate evolution. Amer. J. Bot. 92:1372-1380."
10.1086/593137,Magnoliophyta,18,34,-0.74408,"Chung, K. -F., C. I. Peng, S. R. Downie, K. Spalik, and B. A. Schaal. 2005. Molecular systematics of the trans-Pacific alpine genus Oreomyrrhis (Apiaceae):phylogenetic addinities and biogeographic implications. Amer. J. Bot. 92:2054-2071."
10.1086/593137,Magnoliophyta,20,40,0.962688,"Cieslak, T., J. S. Polepalli, A. White, K. Muller, T. Borsch, W. Barthlott, J. Steiger, A. Marchant, and L. Legendre. 2005. Phylogenetic analysis of Pinguicula (Lentibulariaceae): chloroplast DNA sequences and morphology support several geographically distinct radiations. Amer. J. Bot. 92:1723-1736."
10.1086/593137,Magnoliophyta,28,38,-5.57155,"Kay, K. M., P. A. Reeves, R. G. Olmstead, and D. W. Schemske. 2005. Rapid speciation and the evolution of hummingbird pollination in neotropical Costus subgenus Costus (Costaceae): evidence from nrDNA ITS and ETS sequences. Amer. J. Bot. 92:1899-1910."
10.1086/593137,Magnoliophyta,26,26,-2.22348,"Lee, C., S. -C. Kim, K. Lundy, and A. Santos-Guerra. 2005. Chloroplast DNA phylogeny of the woody Sonchus alliance (Asteraceae: Sonchinae) in the Macaronesian islands. Amer. J. Bot. 92:2072-2085."
10.1086/593137,Magnoliophyta,45,45,-5.77867,"Lledo, M. D., M. B. Crespo, M. F. Fay, and M. W. Chase. 2005. Molecular phylogenetics of Limonium and related genera (Plumbaginaceae): biogeographical and systematic implications. Amer. J. Bot. 92:1189-1198."
10.1086/593137,Magnoliophyta,23,25,-0.91351,"Mansion, G., and L. Zeltner. 2004. Phylogenetic relationships within the new world endemic Zelthnera (Gentianaceae-Chironiinae) inferred from molecular and karyological data. Amer. J. Bot. 91:2069-2086."
10.1086/593137,Magnoliophyta,20,22,-0.90766,"McKown, A. D., J. -M. Moncalvo, and N. G. Dengler. 2005. Phylogeny of Flaveria (Asteraceae) and inference of C4 photosynthesis evolution. Amer. J. Bot. 92:1911-1928."
10.1086/593137,Magnoliophyta,9,11,0.042098,"Schnabel, A., P. E. McDonel, and J. F. Wendel. 2003. Phylogenetic relationships in Gleditsia (Leguminosae) based on Its sequences. Amer. J. Bot. 90:310-320."
10.1086/593137,Magnoliophyta,10,10,-0.73678,"Schuettpelz, E., and S. B. Hoot. 2004. Phylogeny and biogeography of Caltha (Ranunculaceae) based on chloroplast and nuclear DNA sequences. Amer. J. Bot. 91:247-253."
10.1086/593137,Magnoliophyta,45,48,-2.44979,"Bell, C. D., and R. W. Patterson. 2000. Molecular phylogeny and biogeography of Linanthus (Polemoniaceae). Amer. J. Bot. 87:1857-1870."
10.1086/593137,Magnoliophyta,6,6,-0.3793,"Davis, C. C., P. E. Fritsch, J. Li, and M. J. Donoghue. 2002. Phylogeny and biogeography of Cercis (Fabaceae): Evidence from nuclear ribosomal ITS and chloroplast ndhF sequence data. Syst. Bot. 27: 289-302."
10.1086/593137,Magnoliophyta,15,15,-3.02677,"Downie, S. R., F-J. Sun, D. S. Katz-Downie, and G. J. Colletti. 2004. A Phylogenetic Study of Perideridia (Apiaceae) based on nuclear ribosomal DNA ITS sequences. Syst. Bot. 29: 373-751."
10.1086/593137,Magnoliophyta,3,4,0.225987,"Feng, Y., S.-H. Oh, and P. S. Manos. 2005. Phylogeny and historical biogeography of the genus Platanus as inferred from nuclear and chloroplast DNA. Syst. Bot. 30:786-799."
10.1086/593137,Magnoliophyta,7,7,-2.44439,"Freeman, C. E., J. S. Harrison, J. P. Janovec, and R. Scogin. 2003. Inferred phylogeny in Keckiella (Scrophulariaceae) based on noncoding choloplast and nuclear ribosomal DNA sequences. Syst. Bot. 28:782-790."
10.1086/593137,Magnoliophyta,40,40,2.387928,"Ickert-Bond, S. M., and M. F. Wojciechowski. 2004. Phylogenetic relationships in Ephedra (Gnetales): Evidence from nuclear and chloroplast DNA sequence data. Syst. Bot. 29:834-849."
10.1086/593137,Magnoliophyta,10,10,-2.16632,"Kita, Y., and M. Kato. 2004. Molecular phylogeny of Cladopus and Hydrobryun (Podostemaceae, Podostemoideae) with implications for their biogeography in East Asia. Syst. Bot. 29:921-932."
10.1086/593137,Magnoliophyta,6,8,2.118926,"Kita, Y., and M. Kato. 2004. Molecular phylogeny of Cladopus and Hydrobryun (Podostemaceae, Podostemoideae) with implications for their biogeography in East Asia. Syst. Bot. 29:921-932."
10.1086/593137,Magnoliophyta,35,35,-2.87379,"Liu, Q., C. L. Brubaker, A. G. Green, D. R. Marshall, P. J. Sharp, and S. P. Singh. 2001. Evolution of the FAD2-1 fatty acid desaturase 5' UTR intron and the molecular systematics of Gossypium (Malvaceae). Amer. J. Bot. 88:92-102."
10.1086/593137,Magnoliophyta,16,16,0.532242,"Lohwasser, U., A. Granda, and F. R. Blattner. 2004. Phylogenetic analysis of Microseris (Asterceae), including a newly discovered andean population from Peru. Syst. Bot. 29:774-780."
10.1086/593137,Magnoliophyta,14,19,-0.3697,"Roalson, E. H., L. E. Skog, and E. A. Zimmer. 2003. Phylogenetic relationships and the diversification of floral form in Achimenes (Gesneriaceae). Syst. Bot. 28:593-608."
10.1086/593137,Magnoliophyta,23,24,-3.70841,"Scharaschkin, T., and J. A. Doyle. 2005. Phylogeny and historical biogeography of Anaxagorea (Annonaceae) using morphology and non-coding choloplast sequence data. Syst. Bot. 30:712-735."
10.1086/593137,Magnoliophyta,16,17,3.189252,"Simpson, B. B., A. Weeks, D. M. Helfgott, and L. L. Larkin. 2004. Species relationships in Krameria (Krameriaceae) based on ITS sequences and morphology: Implications for character utility and biogeography. Syst. Bot. 29:97-108."
10.1086/593137,Chordata,22,22,-2.22568,"Gaubert, P. and G. Vernon. 2003. Exhaustive sample set among Viverridae reveals the sister-group of felids: the linsangs as a case of extreme morphological convergence within Feliformia. Proc. Roy. Soc. Lond., B 270:2523-2530."
10.1086/593137,Chordata,11,11,-2.3498,"Cheviron, Z. A., A. P. Capparella, and F. Vuilleumier. 2005. Molecular phylogenetic relationships among the Geositta miners (Furnariidae) and biogeographic implications for avian speciation in Fuego-Patagonia. Auk 122:158-174."
10.1086/593137,Chordata,27,35,-5.30929,"Gill, F. B., B. Slikas, and F. H. Sheldon. 2005. Phylogeny of titmice (Paridae): II. Species relationships based on sequences of the mitochondrial cytochrome-B gene. Auk 122:121-143."
10.1086/593137,Chordata,8,9,0.321828,"Given, A. D., J. A. Mills, and A. J. Baker. 2005. Molecular evidence for recent radiation in southern hemisphere masked gulls. Auk 122: 268-279."
10.1086/593137,Chordata,38,38,-2.37271,"Johnson, W. E., E. Eizirik, J. Pecon-Slattery, W. J. Murphy, A. Antunes. E. Teeling, and S. J. O'Brien. 2006.The late Miocene radiation of modern Felidae: a genetic assessment. Science 311:73-77."
10.1086/593137,Chordata,23,26,-4.18259,"Lovette, I. J., and E. Bermingham. 1999. Explosive speciation in the new world Dendrorica Warblers. Proc. Roy. Soc. Lond., B 266:1639-1636."
10.1086/593137,Chordata,13,13,-2.5658,"Mooers, A. O., S. M. Vamosi, and D. Schluter. 1999. Using phylogenies to test macroevolutionary hypotheses of trait evolution in cranes (Gruinae). Amer. Natur. 154:249-259."
10.1086/593137,Chordata,8,8,-3.2741,"Price, T., I. J. Lovette, E. Bermingham, H. L. Gibbs, and A. D. Richman. 2000. Imprint on history on communities of North American and Asian Warblers. Amer. Natur. 156:354-367."
10.1086/593137,Chordata,7,7,0.091266,"Ruolonen, M., L. Kvist, and J. Lumme. 2000. Close relatedness between mitochondrial DNA from seven Anser good species. J. Evol. Biol. 13:532-540."
10.1086/593137,Magnoliophyta,39,39,-3.51582,"Thulin, M., M. Lavin, R. Pasquet, and A. Delgado-Salinas. 2004. Phylogeny and biogeography of Wajira (Leguminosae): a monophyletic segregate of Vigna centered in the horn of Africa region. Syst. Botany 29:903-920."
10.1086/593137,Mollusca,93,93,2.004116,"Von Rintelen, T., A. B. Wilson, A. Meyer, and M. Glaubrecht. 2004. Escalation and trophic specialization drive adaptive radiation of freshwater gastropods in ancient lakes on Sulawesi, Indonesia. Proc. Roy. Soc. Lond., B 271:2541-2549."
10.1086/593137,Magnoliophyta,15,31,-1.22016,"Wagstaff, S. J., and I. Breitwieser. 2004. Phylogeny and classification of Brachyglottis (Senecioneae, Asteraceae): an example of a rapid species radiation in New Zealand. 2004. Syst. Botany 29:1003-1010."
10.1086/593137,Chordata,10,10,-0.69706,"Weckstein, J. D. 2005. Molecular phylogenetics of the Ramphastos toucans: Implications for the evolution of morphology, vocalizations, and coloration. Auk 122:1191-1209."
10.1086/593137,Mollusca,9,9,-0.52516,"Wilson, A. B., M. Glaubrecht, and A. Meyer. 2003. Ancient lakes as evolitionary reserviors: evidence from the thalassoid gastropods of Lake Tanganyika. Proc. Roy. Soc. Lond., B 271, 529-538."
10.1086/593137,Magnoliophyta,12,14,-4.10976,"Zhang, L. -B., H. P. Comes, and J. W. Kadereit. 2001. Phylogeny and quaternary history of the European montane/alpine endemic Soldanella (Primulaceae) based on ITS and AFLP variation. Amer. J. Bot. 88:2331-2345."
10.1086/593137,Chordata,7,7,-1.74346,"Braun, J. K., R. A. VanDenBussche, P. K. Morton, and M. A. Mares. 2005. Phylogenetic and biogeographic relationships of mouse opossums Thaylamys (Didelphimorphia, Didelphidae) in southern south America. Journal of Mammalogy 86:147-159."
10.1086/593137,Arthropoda,8,8,0.479178,"Schwenk, K., D. Posada, and P. D. N. Herbert. 2000. Molecular systematics of European Hyalodaphnia: the role of the contemporary hybridization in ancient species. Proc. Roy. Soc. Lond., B 267:1833-1847."
10.1086/593137,Arthropoda,5,5,-1.82913,"Goetze, E. Cryptic speciation on the high seas; global phylogenetics of the copepod family Euclanidae. Proc. Roy. Soc. Lond., B 270:2321-2331."
10.1086/593137,Chordata,6,9,-1.6405,"Miller-Butterworth, C. M., G. Eick, D. S. Jacobs, M. C. Schoeman, and E. H. Harley. 2005. Genetic and phenotypic differences between south African long-finfered bats, with global minopterine phylogeny. Journal of Mammalogy 86:1121-1135."
10.1086/593137,Chordata,24,24,-4.61839,"Mayer, F. and O. von Helversen. 2001. Cryptic diversity in European bats. Proc. Roy. Soc. Lond., B 268:1825-1832."
10.1086/593137,Arthropoda,35,38,4.960437,"Turgeon, J., R. Stoks, R. A. Thum, J. M. Brown and M. A. McPeek. 2005. Simultaneous Quaternary radiations of three damselfly clades across the Holarctic. Amer. Natur. 165:E78-E107."
10.1086/593137,Arthropoda,8,10,0.791422,"Stoks, R., and M. A. McPeek. 2006. A tale of two diversifications: reciprocal habitat shifts to fill ecological space along the pond permanence gradient. Amer. Natur. 168:S50-S72."
10.1086/593137,Magnoliophyta,22,25,0.634761,"Baldwin, B. G., and M. J. Sanderson. 1998. Age and rate of diversification of the Hawaiian silversword alliance (Compositae). Proc.Nat. Acad. Sci., USA 95:9402-9406."
10.1086/593137,Arthropoda,39,83,-4.94162,"McKenna, D. D., and B. D. Farrell. 2006. Tropical forests are both evolutionary cradles and museums of leaf beetle diversity. Proc.Nat. Acad. Sci., USA 103:10947-10951."
10.1086/593137,Atrhropoda,10,10,-3.09488,"Berendonk, T. U., T. G. Barraclough and J. C. Barraclough. 2003. Phylogenetics of pond and lake lifestyles in Chaoborus midge larvae. Evol. 57:2173-2178."
10.1086/593137,Chordata,12,12,-2.12577,"Baker, A. J., L. J. Huynen, O. Haddrath, C. D. Millar, and D. M. Lambert. 2005. Reconstructing the tempo and mode of evolution
 in an extinct clade of birds with ancient DNA:
 The giant moas of New Zealand. Proceedings of the National Academy of Science, USA 102:8257–8262."
10.1086/593137,Magnoliophyta,8,8,-0.19947,"Baum, D. A., R. L. Small, and J. F. Wendel. 1998. Biogeography and floral evolution of baobabs (Adansonia, Bombacaceae) as inferred from multiple data sets. Syst. Biol. 47:181-207."
10.1086/593137,Mollusca,13,13,-0.43682,"Chiba, S. 1999. Accelerated evolution of land snails Mandarina in the oceanic Bonin Islands: evidence from mitochondrial DNA sequences. Evol. 53:460–471."
10.1086/593137,Magnoliophyta,17,23,2.920032,"Comes, H. P., and R. J. Abbott. 2001. Molecular phylogeography, reticulation, and lineage sorting in Mediterranean Senecio sect. Senecio (Asteraceae). Evol. 55:1943–1962."
10.1086/593137,Mollusca,18,19,0.492522,"Donald, K. M., M. Kennedy, and H. G. Spencer. 2005. Cladogenesis as the result of long-distance rafting events in south Pacific topshells (Gastropoda: Trochidae). Evol. 59:1701–1711."
10.1086/593137,Chordata,2,4,-1.11705,"Douady, C. J., F. Catzeflis, J. Raman, M. S. Springer, and M. J. Stanhope. 2003. The Sahara as a vicariant agent, and the role of Miocene climatic events, in the diversification of the mammalian order Macroscelidea. Proc.Nat. Acad. Sci., USA 100:8325–8330."
10.1086/593137,Chordata,21,21,-0.53445,"Drovetski, S. V. 2002. Molecular phylogeny of grouse: Individual and combined performance of W-linked, autosomal, and mitochondrial loci. Syst. Biol. 51:930-945."
10.1086/593137,,17,17,-3.14087,"Glor, R. E., J. J., Kolbe, R. Powell, A. Larson, and J. B. Losos. 2003. PHylogenetic analysis of ecological and morphological diversification in Hispaniolan trunk-ground anoles (Anolis cybotes group). Evolution 57:2383–2397."
10.1086/593137,Chordata,28,28,-2.44099,"Johns, G. C., and J. C. Avise. 1998. Tests for ancient species flocks based on molecular phylogenetic appraisals of Sebastes rockfishes and other marine fishes. Evol. 52:1135–1146."
10.1086/593137,Arthropoda,19,19,-4.68607,"Joy, D. A., and J. E. Conn. 2001. Molecular and morphological phylogenetic analysis of an insular radiation in Pacific black flies (Simulium). Syst. Biol. 50:18-38."
10.1086/593137,Magnoliophyta,7,7,1.54861,"Kimball, R. T., D. J. Crawford, and E. B. Smith. 2003. Evolutionary processes in the genus Coreocarpus: Insights from molecular phylolgenetics. Evol. 57:52–61."
10.1086/593137,Magnoliophyta,50,84,1.769007,"Moller, M., and Q. C. B. Cronk. Evolution of morphological novelty: A phylogenetic analysis of growth patterns in Streptocarpus (Gesneriaceae). Evol. 55:918–929."
10.1086/593137,Chordata,10,10,0.281487,"Near, T. J., and M. F. Bernard. Rapid allopatric speciation in logperch darters (Percidae: Percina). Evol. 58:2798–2808."
10.1086/593137,Arthropoda,10,19,0.070897,"Parker, J. D., and S. W. Rissing. 2002. Molecular evidence for the origin of workerless social parasites in the ant genus Pogonomyrmex. Evol. 56:2017–2028."
10.1086/593137,Arthropoda,9,10,-2.50169,"Quek, S.-P., S. J. Davies, T. Itinon, and N. E. Pierce. 2004. Codiversification in the ant-plant mutualism: stem texture and the evoltuion of host use in Crematogaster(Formicidae:Myrmicinae) inhabitants of Macaranga (Euforbiaceae). Evol. 58:554–570."
10.1086/593137,Chordata,6,6,-2.43848,"Ruber, L., E. Verheyen, and A. Meyer. 1999. Replicated evolution of trophic specializations in an endemic cichlid fish lineage from Lake Tanganyika. Proc.Nat. Acad. Sci., USA 96:10230–10235."
10.1086/593137,Chordata,12,13,0.527768,"Sato, A., C. O'Huigin, F. Figueroa, P. R. Grant, B. R. Grant, H. Tichy, and J. Klein. 1999. Phylogeny of Darwin’s finches as revealed by mtDNA sequences. Proc.Nat. Acad. Sci., USA 96:5101–5106."
10.1086/593137,Chordata,14,14,-3.07604,"Steppan, S. J., M. R. Akhverdyan, E. A. Lyapunova; D. G. Fraser, N. N. Vorontsov, R. S. Hoffmann, and M. J. Braun. 1999. Molecular Phylogeny of the Marmots (Rodentia: Sciuridae): Tests of Evolutionary and Biogeographic Hypotheses. Syst. Biol. 48:715-734."
10.1086/593137,Mollusca,49,49,-2.38421,"Williams, S. T., and D. G. Reid. 2004. Speciation and diversity on tropical rocky shores: A global phylogeny of snails of the genus Echinolittorina. Evol. 58:2227–2251."
10.1086/593137,Magnoliophyta,14,14,-1.14655,"Xiang, Q.-Y., S. R. Manchester, D. T. Thoma, W. Zhang, and C. Fan. 2005. Phylogeny, biogeography, and molecular dating of cornelian cherries (Cornus, Cornaceae): Tracking Tertiary plant migration. Evol. 59:1685–1700."
10.1371/journal.pbio.0060071,Wrens,50,74,-3.628,
10.1371/journal.pbio.0060071,Phylloscopus and Seicercus,42,53,-2.991,
10.1371/journal.pbio.0060071,Anthus,35,44,-2.855,
10.1371/journal.pbio.0060071,Catharus,11,11,-2.83,
10.1371/journal.pbio.0060071,Grackles and allies,36,40,-2.828,
10.1371/journal.pbio.0060071,Estrildidae,139,140,-2.743,
10.1371/journal.pbio.0060071,Parus,40,54,-2.622,
10.1371/journal.pbio.0060071,Tangara,42,49,-2.465,
10.1371/journal.pbio.0060071,Turdus and allies,59,69,-2.278,
10.1371/journal.pbio.0060071,"Dendroica, Parula, Seiurus, Vermivora",40,45,-2.224,
10.1371/journal.pbio.0060071,Amazona,28,31,-1.856,
10.1371/journal.pbio.0060071,Tringa,12,13,-1.85,
10.1371/journal.pbio.0060071,Swallows,29,29,-1.776,
10.1371/journal.pbio.0060071,Caciques and oropendolas,17,19,-1.765,
10.1371/journal.pbio.0060071,Ficedula,25,25,-1.673,
10.1371/journal.pbio.0060071,Hemispingus,10,12,-1.635,
10.1371/journal.pbio.0060071,Acanthiza,12,12,-1.543,
10.1371/journal.pbio.0060071,Anas,41,47,-1.377,
10.1371/journal.pbio.0060071,Toxostoma,10,10,-1.358,
10.1371/journal.pbio.0060071,Thamnophilus,24,25,-1.282,
10.1371/journal.pbio.0060071,Geositta,11,11,-1.271,
10.1371/journal.pbio.0060071,storks,16,19,-1.254,
10.1371/journal.pbio.0060071,Meliphaga,12,13,-1.179,
10.1371/journal.pbio.0060071,Trogons,29,39,-0.91,
10.1371/journal.pbio.0060071,Sylvia,22,24,-0.741,
10.1371/journal.pbio.0060071,Alcinae,22,22,-0.705,
10.1371/journal.pbio.0060071,Picoides and Veniliornis,21,23,-0.645,
10.1371/journal.pbio.0060071,Empidonax,15,15,-0.642,
10.1371/journal.pbio.0060071,Icterus,25,25,-0.543,
10.1371/journal.pbio.0060071,Crax,14,14,-0.54,
10.1371/journal.pbio.0060071,Ramphastos,8,11,-0.483,
10.1371/journal.pbio.0060071,Aegotheles,7,8,-0.434,
10.1371/journal.pbio.0060071,Penguins,17,17,-0.16,
10.1371/journal.pbio.0060071,Pteroglossus,12,13,-0.125,
10.1371/journal.pbio.0060071,Larus,48,49,0.073,
10.1371/journal.pbio.0060071,"Grouse, turkeys, partridges, and tragopans",53,57,0.126,
10.1371/journal.pbio.0060071,Myioborus,12,12,0.165,
10.1371/journal.pbio.0060071,Alectoris,7,7,0.287,
10.1371/journal.pbio.0060071,Cinclodes,12,12,0.465,
10.1371/journal.pbio.0060071,Cranes,15,15,0.671,
10.1371/journal.pbio.0060071,Albatross,14,14,0.866,
10.1371/journal.pbio.0060071,Sterna,34,44,1.365,
10.1371/journal.pbio.0060071,Puffinus,18,21,1.49,
10.1371/journal.pbio.0060071,Tauraco,13,14,1.657,
10.1371/journal.pbio.0060071,Myiarchus,19,22,1.854,